ids,rooftop_ids,rooftop_region,area (m^2),effective area (m^2),rooftop_quality,rooftop_flatness,x coords,y coords,x mean,y mean,first energy generated (kWh),first year cost savings (£),first year co2 savings (kg),25 year energy savings (kWh),25 year savings (£),25 year co2 savings (kg),break even time (years),roi after 25 years (%)
0,1,1,56.595,67.914,Good,Inclined,"[6, 24, 28]","[980, 975, 996]",19.33333333,983.6666667,13716.3642,3264.49468,3881.731069,304748.3152,89750.43843,86243.7732,5,534.3347535
1,1,2,338.1,236.67,Intermediate,Inclined,"[27, 42, 73, 39]","[966, 937, 934, 994]",45.25,957.75,73303.461,17446.22372,20744.87946,1628646.332,479647.3517,460906.9119,5,467.4621138
2,2,1,72.03,86.436,Good,Inclined,"[52, 67, 80]","[895, 885, 906]",66.33333333,895.3333333,17457.1908,4154.81141,4940.384996,387861.4921,114227.8307,109764.8023,5,534.3347535
3,2,2,377.545,264.2815,Intermediate,Inclined,"[70, 91, 116, 83]","[886, 840, 837, 904]",90,866.75,81855.53145,19481.61649,23165.1154,1818655.07,535606.2094,514679.3849,5,467.4621138
4,3,1,42.875,51.45,Good,Inclined,"[103, 128, 118]","[787, 777, 791]",116.3333333,785,10391.185,2473.10203,2940.705355,230869.9358,67992.75639,65336.19182,5,534.3347535
5,3,2,37.485,26.2395,Intermediate,Inclined,"[135, 126, 134, 143]","[752, 765, 770, 757]",134.5,761,8127.12285,1934.255238,2299.975767,180567.3107,53178.29334,51100.54892,6,467.4621138
6,3,3,24.255,29.106,Good,Inclined,"[95, 88, 77]","[767, 778, 775]",86.66666667,773.3333333,5878.4418,1399.069148,1663.599029,130606.4208,38464.47361,36961.61709,5,534.3347535
7,3,4,15.435,18.522,Good,Inclined,"[93, 103, 100, 89]","[776, 780, 785, 781]",96.25,780.5,3740.8266,890.3167308,1058.653928,83113.17687,24477.3923,23521.02905,5,534.3347535
8,4,1,59.535,71.442,Good,Inclined,"[45, 64, 70, 43]","[763, 768, 781, 770]",55.5,770.5,14428.9026,3434.078819,4083.379436,320579.3965,94412.79887,90723.96921,5,534.3347535
9,4,2,27.93,19.551,Intermediate,Inclined,"[71, 66, 71, 78]","[760, 770, 779, 766]",71.5,768.75,6055.5033,1441.209785,1713.707434,134540.3491,39623.04209,38074.91881,6,467.4621138
10,5,1,156.31,109.417,Intermediate,Inclined,"[106, 123, 150, 141]","[701, 688, 701, 717]",130,701.75,33889.5711,8065.717922,9590.748621,752953.8838,221750.0075,213085.9491,5,467.4621138
11,5,2,59.29,41.503,Intermediate,Inclined,"[135, 145, 157, 151]","[689, 670, 677, 692]",147,682,12854.6649,3059.410246,3637.870167,285603.1973,84112.07181,80825.70483,5,467.4621138
12,6,1,47.04,56.448,Good,Inclined,"[17, 24, 41]","[628, 644, 640]",27.33333333,637.3333333,11400.6144,2713.346227,3226.373875,253297.3009,74597.76701,71683.13617,5,534.3347535
13,6,2,67.4975,47.24825,Intermediate,Inclined,"[39, 41, 58, 57]","[625, 647, 653, 624]",48.75,637.25,14634.13298,3482.923648,4141.459632,325139.1771,95755.68506,92014.38711,5,467.4621138
14,7,1,202.125,141.4875,Intermediate,Inclined,"[194, 216, 238, 244]","[504, 494, 500, 527]",223,506.25,43822.72125,10429.80766,12401.83011,973647.2635,286745.6994,275542.1756,5,467.4621138
15,7,2,201.2675,140.88725,Intermediate,Inclined,"[243, 260, 274, 246]","[502, 479, 472, 525]",255.75,494.5,43636.80668,10385.55999,12349.21629,969516.6387,285529.2025,274373.2088,5,467.4621138
16,7,3,92.61,64.827,Intermediate,Inclined,"[224, 213, 231, 241]","[461, 485, 481, 458]",227.25,471.25,20078.7741,4778.748236,5682.29307,446107.4734,131381.6659,126248.415,5,467.4621138
17,8,1,149.94,104.958,Intermediate,Inclined,"[194, 173, 160, 179]","[427, 430, 452, 463]",176.5,443,32508.4914,7737.020953,9199.903066,722269.2427,212713.1734,204402.1957,5,467.4621138
18,8,2,169.05,118.335,Intermediate,Inclined,"[133, 152, 148, 122]","[390, 383, 416, 429]",138.75,404.5,36651.7305,8723.111859,10372.43973,814323.1658,239823.6758,230453.4559,5,467.4621138
19,8,3,56.2275,39.35925,Intermediate,Flat,"[139, 156, 150, 129]","[426, 433, 443, 435]",143.5,434.25,12190.68428,2901.382857,3449.96365,270850.966,79767.44001,76650.82338,5,467.4621138
20,9,1,209.5975,146.71825,Intermediate,Inclined,"[139, 163, 198, 171]","[337, 323, 326, 352]",167.75,334.5,45442.83398,10815.39449,12860.32201,1009642.708,297346.601,285728.8863,5,467.4621138
21,10,1,135.975,163.17,Good,Inclined,"[271, 283, 308, 305]","[412, 402, 414, 432]",291.75,415,32954.901,7843.266438,9326.236983,732187.5105,215634.1703,207209.0655,5,534.3347535
22,10,2,252.105,176.4735,Intermediate,Inclined,"[319, 297, 315, 339]","[370, 406, 414, 365]",317.5,388.75,54658.88505,13008.81464,15468.46447,1214403.678,357650.0905,343676.2408,5,467.4621138
23,10,3,78.4,94.08,Good,Inclined,"[278, 296, 318, 291]","[363, 357, 368, 373]",295.75,365.25,19001.024,4522.243712,5377.289792,422162.1682,124329.6117,119471.8936,5,534.3347535
24,11,1,215.6,150.92,Intermediate,Inclined,"[304, 324, 359, 352]","[311, 301, 321, 333]",334.75,316.5,46744.236,11125.12817,13228.61879,1038557.081,305862.0793,293911.6539,5,467.4621138
25,11,1,90.0375,63.02625,Intermediate,Inclined,"[339, 358, 374, 363]","[301, 293, 298, 314]",358.5,301.5,19521.03038,4646.005229,5524.451596,433715.5992,127732.1752,122741.5146,5,467.4621138
26,12,1,35.28,42.336,Good,Inclined,"[348, 358, 372]","[261, 249, 261]",359.3333333,257,8550.4608,2035.00967,2419.780406,189972.9757,55948.32525,53762.35212,5,534.3347535
27,12,2,110.25,77.175,Intermediate,Inclined,"[378, 353, 376]","[259, 237, 223]",369,239.6666667,23903.3025,5688.985995,6764.634608,531080.3255,156406.7451,150295.7321,5,467.4621138
28,13,1,135.975,95.1825,Intermediate,Inclined,"[192, 219, 229]","[265, 250, 280]",213.3333333,265,29480.73975,7016.416061,8343.049349,654999.0682,192901.6523,185364.7363,5,467.4621138
29,13,2,13.475,9.4325,Intermediate,Inclined,"[233, 229, 240]","[273, 265, 263]",234,267,2921.51475,695.3205105,826.7886743,64909.81757,19116.37996,18369.47837,6,467.4621138
30,13,3,39.5675,27.69725,Intermediate,Inclined,"[240, 235, 238, 252]","[250, 240, 236, 231]",241.25,239.25,8578.629675,2041.713863,2427.752198,190598.8279,56132.64297,53939.46831,6,467.4621138
31,13,4,46.305,55.566,Good,Inclined,"[188, 210, 215, 194]","[251, 243, 246, 257]",201.75,249.25,11222.4798,2670.950192,3175.961783,249339.5306,73432.1769,70563.08716,5,534.3347535
32,14,1,99.96,119.952,Good,Inclined,"[240, 245, 221, 224]","[146, 121, 112, 139]",232.5,129.5,24226.3056,5765.860733,6856.044485,538256.7645,158520.2549,152326.6644,5,534.3347535
33,14,2,87.3425,104.811,Good,Inclined,"[188, 182, 193, 205]","[95, 116, 126, 106]",192,110.75,21168.3283,5038.062135,5990.636909,470315.0405,138510.958,133099.1565,5,534.3347535
34,14,3,120.54,84.378,Intermediate,Inclined,"[247, 266, 254, 242]","[152, 111, 114, 140]",252.25,129.25,26134.2774,6219.958021,7396.000504,580647.8226,171004.708,164323.3338,5,467.4621138
35,15,1,81.7075,81.7075,Good,Flat,"[130, 118, 128, 141]","[67, 90, 96, 71]",129.25,81,19802.6297,4713.025869,5604.144205,439972.1347,129574.7672,124512.1141,5,534.3347535
36,15,2,64.3125,77.175,Good,Inclined,"[95, 102, 116, 107]","[79, 83, 60, 58]",105,70,15586.7775,3709.653045,4411.058033,346304.9036,101989.1346,98004.28773,5,534.3347535
37,16,1,202.125,242.55,Good,Inclined,"[235, 240, 285, 283]","[16, 2, 25, 35]",260.75,19.5,48987.015,11658.90957,13863.32524,1088386.84,320537.2801,308013.4757,5,534.3347535
38,16,2,102.41,122.892,Good,Inclined,"[287, 322, 313, 284]","[28, 41, 50, 39]",301.5,39.5,24820.0876,5907.180849,7024.084791,551449.3323,162405.5553,156060.161,5,534.3347535
39,16,3,105.84,74.088,Intermediate,Inclined,"[326, 295, 290, 319]","[26, 13, 23, 37]",307.5,24.75,22947.1704,5461.426555,6494.049223,509837.1125,150150.4753,144283.9028,5,467.4621138
40,16,4,80.85,56.595,Intermediate,Inclined,"[255, 260, 288, 284]","[8, 0, 13, 20]",271.75,10.25,17529.0885,4171.923063,4960.732046,389458.9054,114698.2797,110216.8702,5,467.4621138
41,17,1,344.715,241.3005,Intermediate,Inclined,"[464, 443, 458, 485]","[72, 122, 130, 63]",462.5,96.75,74737.65915,17787.56288,21150.75754,1660511.151,489031.7564,469924.6558,5,467.4621138
42,17,1,39.5675,27.69725,Intermediate,Flat,"[455, 465, 458, 448]","[56, 61, 75, 69]",456.5,65.25,8578.629675,2041.713863,2427.752198,190598.8279,56132.64297,53939.46831,6,467.4621138
43,18,1,64.3125,45.01875,Intermediate,Inclined,"[559, 576, 584]","[177, 169, 190]",573,178.6666667,13943.59313,3318.575164,3946.036854,309796.8566,91237.26798,87672.51041,5,467.4621138
44,18,2,51.45,36.015,Intermediate,Inclined,"[581, 601, 591]","[169, 166, 187]",591,174,11154.8745,2654.860131,3156.829484,247837.4852,72989.81438,70138.00833,5,467.4621138
45,18,3,163.17,114.219,Intermediate,Inclined,"[623, 598, 586, 604]","[118, 121, 149, 154]",602.75,135.5,35376.8877,8419.699273,10011.65922,785998.8818,231481.9828,222437.6835,5,467.4621138
46,19,1,183.75,128.625,Intermediate,Inclined,"[620, 642, 650, 637]","[92, 49, 73, 99]",637.25,78.25,39838.8375,9481.643325,11274.39101,885133.8759,260677.9085,250492.8869,5,467.4621138
47,19,2,319.725,223.8075,Intermediate,Inclined,"[646, 655, 683, 704]","[50, 75, 95, 83]",672,75.75,69319.57725,16498.05939,19617.44036,1540132.944,453579.5608,435857.6232,5,467.4621138
48,20,1,95.795,114.954,Good,Inclined,"[620, 650, 643, 637, 631, 621, 616]","[192, 206, 215, 212, 202, 207, 204]",631.1428571,205.4285714,23216.8762,5525.616536,6570.375965,515829.3993,151915.2443,145979.72,5,534.3347535
49,21,1,45.08,54.096,Good,Inclined,"[654, 675, 669, 652]","[202, 210, 218, 212]",662.5,210.5,10925.5888,2600.290134,3091.94163,242743.2467,71489.52671,68696.33883,5,534.3347535
50,22,1,122.5,147,Good,Inclined,"[694, 728, 721, 688]","[220, 237, 245, 230]",707.75,233,29689.1,7066.0058,8402.0153,659628.3879,194265.0182,186674.8338,5,534.3347535
51,23,1,88.935,106.722,Good,Inclined,"[728, 757, 745, 724]","[240, 250, 262, 253]",738.5,251.25,21554.2866,5129.920211,6099.863108,478890.2096,141036.4032,135525.9293,5,534.3347535
52,24,1,73.5,88.2,Good,Inclined,"[748, 765, 773]","[265, 256, 280]",762,267,17813.46,4239.60348,5041.20918,395777.0327,116559.0109,112004.9003,5,534.3347535
53,24,2,362.6,253.82,Intermediate,Inclined,"[770, 798, 807, 777]","[254, 195, 195, 275]",788,229.75,78615.306,18710.44283,22248.1316,1746664.182,514404.4061,494305.9634,5,467.4621138
54,25,1,63.945,76.734,Good,Inclined,"[633, 650, 662, 637]","[130, 137, 131, 119]",645.5,129.25,15497.7102,3688.455028,4385.851987,344326.0185,101406.3395,97444.26323,5,534.3347535
55,25,2,95.795,67.0565,Intermediate,Inclined,"[691, 684, 694, 707]","[153, 138, 119, 129]",694,134.75,20769.31395,4943.09672,5877.715848,461449.794,135900.083,130590.2917,5,467.4621138
56,26,1,272.3175,190.62225,Intermediate,Inclined,"[721, 769, 778, 724]","[111, 139, 125, 100]",748,118.75,59041.15718,14051.79541,16708.64748,1311768.404,386324.6604,371230.4584,5,467.4621138
57,26,2,125.685,87.9795,Intermediate,Inclined,"[816, 832, 843, 824]","[155, 124, 130, 162]",828.75,142.75,27249.76485,6485.444034,7711.683453,605431.5711,178303.6894,171337.1346,5,467.4621138
58,26,3,73.255,51.2785,Intermediate,Inclined,"[728, 736, 751, 736]","[99, 102, 81, 76]",737.75,89.5,15882.41655,3780.015139,4494.723884,352873.3719,103923.5929,99863.16423,5,467.4621138
59,27,1,222.0925,155.46475,Intermediate,Inclined,"[859, 877, 896, 877]","[236, 195, 209, 244]",877.25,221,48151.87493,11460.14623,13626.9806,1069831.811,315072.6988,302762.4026,5,467.4621138
60,28,1,63.945,44.7615,Intermediate,Inclined,"[903, 905, 887]","[201, 180, 172]",898.3333333,184.3333333,13863.91545,3299.611877,3923.488072,308026.5888,90715.91216,87171.52463,5,467.4621138
61,29,1,238.5075,166.95525,Intermediate,Inclined,"[870, 854, 811, 849]","[298, 290, 305, 323]",846,304,51710.81108,12307.17304,14634.15953,1148903.771,338359.9253,325139.7672,5,467.4621138
62,30,1,368.48,257.936,Intermediate,Inclined,"[916, 972, 948, 908]","[185, 213, 232, 208]",936,209.5,79890.1488,19013.85541,22608.91211,1774988.466,522746.0992,502321.7358,5,467.4621138
63,31,1,171.99,120.393,Intermediate,Inclined,"[915, 921, 953, 954]","[363, 342, 360, 378]",935.75,360.75,37289.1519,8874.818152,10552.82999,828485.3078,243994.5224,234461.3421,5,467.4621138
64,31,1,88.2,61.74,Intermediate,Inclined,"[922, 944, 952, 932]","[340, 338, 316, 317]",937.5,327.75,19122.642,4551.188796,5411.707686,424864.2604,125125.3961,120236.5857,5,467.4621138
65,32,1,133.77,160.524,Good,Inclined,"[899, 935, 926, 893]","[395, 411, 421, 408]",913.25,408.75,32420.4972,7716.078334,9175.000708,720314.1995,212137.3999,203848.9185,5,534.3347535
66,33,1,223.44,156.408,Intermediate,Inclined,"[966, 980, 1004, 982]","[474, 437, 435, 483]",983,457.25,48444.0264,11529.67828,13709.65947,1076322.793,316984.3368,304599.3504,5,467.4621138
67,34,1,227.2375,159.06625,Intermediate,Inclined,"[945, 964, 980, 955]","[517, 474, 484, 527]",961,500.5,49267.36238,11725.63225,13942.66355,1094615.56,322371.6802,309776.2034,5,467.4621138
68,35,1,294,205.8,Intermediate,Inclined,"[924, 897, 910, 937]","[567, 619, 627, 576]",917,597.25,63742.14,15170.62932,18039.02562,1416214.201,417084.6536,400788.619,5,467.4621138
69,37,1,192.9375,231.525,Good,Inclined,"[810, 815, 855, 846]","[575, 561, 585, 596]",831.5,579.25,46760.3325,11128.95914,13233.1741,1038914.711,305967.4037,294012.8632,5,534.3347535
70,36,1,181.9125,218.295,Good,Inclined,"[856, 860, 901, 893]","[596, 583, 607, 616]",877.5,600.5,44088.3135,10493.01861,12476.99272,979548.156,288483.5521,277212.1281,5,534.3347535
71,38,1,76.0725,91.287,Good,Inclined,"[986, 1009, 1013]","[395, 387, 410]",1002.666667,397.3333333,18436.9311,4387.989602,5217.651501,409629.2289,120638.5763,115925.0718,5,534.3347535
72,39,1,95.9175,115.101,Good,Inclined,"[995, 1002, 1022, 1017]","[241, 224, 236, 253]",1009,238.5,23246.5653,5532.682541,6578.77798,516489.0277,152109.5093,146166.3948,5,534.3347535
73,40,1,231.1575,161.81025,Intermediate,Inclined,"[770, 746, 755, 783]","[603, 649, 654, 604]",763.5,627.5,50117.25758,11927.9073,14183.18389,1113498.416,327932.8089,315120.0517,5,467.4621138
74,41,1,161.7,113.19,Intermediate,Inclined,"[695, 723, 731, 687]","[569, 581, 599, 585]",709,583.5,35058.177,8343.846126,9921.464091,778917.8108,229396.5595,220433.7405,5,467.4621138
75,42,1,109.8825,76.91775,Intermediate,Inclined,"[831, 816, 823, 839]","[361, 389, 400, 362]",827.25,378,23823.62483,5670.022708,6742.085825,529310.0578,155885.3893,149794.7464,5,467.4621138
76,42,2,58.1875,69.825,Good,Inclined,"[792, 806, 812, 817]","[394, 385, 390, 404]",806.75,393.25,14102.3225,3356.352755,3990.957268,313323.4842,92275.88367,88670.54604,5,534.3347535
77,43,1,86.24,60.368,Intermediate,Inclined,"[740, 755, 762, 748]","[682, 655, 668, 687]",751.25,673,18697.6944,4450.051267,5291.447515,415422.8324,122344.8317,117564.6616,5,467.4621138
78,44,1,153.615,107.5305,Intermediate,Inclined,"[694, 702, 726, 732]","[660, 683, 693, 680]",713.5,679,33305.26815,7926.65382,9425.390886,739971.9202,217926.7315,209412.0534,5,467.4621138
79,45,1,87.465,61.2255,Intermediate,Inclined,"[644, 655, 665, 660]","[680, 657, 678, 691]",656,676.5,18963.28665,4513.262223,5366.610122,421323.7249,124082.6845,119234.6142,5,467.4621138
80,45,2,220.5,154.35,Intermediate,Inclined,"[658, 666, 695, 703]","[655, 680, 695, 682]",680.5,678,47806.605,11377.97199,13529.26922,1062160.651,312813.4902,300591.4643,5,467.4621138
81,46,1,444.185,310.9295,Intermediate,Inclined,"[822, 795, 800, 844]","[764, 817, 835, 761]",815.25,794.25,96303.74985,22920.29246,27253.96121,2139663.623,630145.3975,605524.8052,5,467.4621138
82,47,1,64.3125,45.01875,Intermediate,Inclined,"[798, 792, 777]","[839, 814, 827]",789,826.6666667,13943.59313,3318.575164,3946.036854,309796.8566,91237.26798,87672.51041,5,467.4621138
83,47,2,1299.8475,909.89325,Intermediate,Inclined,"[749, 618, 619, 748]","[803, 727, 736, 808]",683.5,768.5,281819.9365,67073.14488,79755.04202,6261437.038,1844035.525,1771986.682,5,467.4621138
84,48,1,504.21,352.947,Intermediate,Inclined,"[901, 881, 852, 855]","[655, 660, 721, 739]",872.25,693.75,109317.7701,26017.62928,30936.92894,2428807.355,715300.181,687352.4816,5,467.4621138
85,49,1,377.3,264.11,Intermediate,Inclined,"[980, 1009, 1020, 991]","[793, 731, 751, 808]",1000,770.75,81802.413,19468.97429,23150.08288,1817474.892,535258.6388,514345.3944,5,467.4621138
86,50,1,318.01,222.607,Intermediate,Inclined,"[943, 971, 987, 961]","[854, 806, 815, 865]",965.5,835,68947.7481,16409.56405,19512.21271,1531871.695,451146.567,433519.6896,5,467.4621138
87,51,1,390.285,273.1995,Intermediate,Inclined,"[929, 902, 875, 887]","[933, 935, 988, 992]",898.25,962,84617.69085,20139.01042,23946.80651,1880024.352,553679.8777,532046.8917,5,467.4621138
88,52,1,74.6025,52.22175,Intermediate,Inclined,"[945, 931, 953, 960]","[868, 889, 888, 877]",947.25,880.5,16174.56803,3849.54719,4577.402751,359364.3536,105835.2309,101700.1121,5,467.4621138
89,53,1,337.12,404.544,Good,Inclined,"[928, 986, 981, 922]","[893, 921, 936, 905]",954.25,913.75,81704.4032,19445.64796,23122.34611,1815297.323,534617.3302,513729.1425,5,534.3347535
90,54,1,154.35,185.22,Good,Inclined,"[986, 991, 1021, 1021]","[937, 921, 938, 957]",1004.75,938.25,37408.266,8903.167308,10586.53928,831131.7687,244773.923,235210.2905,5,534.3347535
91,55,1,233.73,163.611,Intermediate,Inclined,"[959, 1005, 993, 952]","[974, 998, 1010, 991]",977.25,993.25,50675.0013,12060.65031,14341.02537,1125890.29,331582.2996,318626.9521,5,467.4621138
92,56,1,121.275,84.8925,Intermediate,Inclined,"[789, 744, 777]","[871, 881, 893]",770,881.6666667,26293.63275,6257.884595,7441.098068,584188.3581,172047.4196,165325.3053,5,467.4621138
93,56,2,248.43,173.901,Intermediate,Inclined,"[759, 734, 748, 773]","[893, 936, 945, 893]",753.5,916.75,53862.1083,12819.18178,15242.97665,1196701,352436.5323,338666.3831,5,467.4621138
94,57,1,358.19,250.733,Intermediate,Inclined,"[736, 708, 713, 751]","[944, 992, 1012, 952]",727,975,77659.1739,18482.88339,21977.54621,1725420.969,508148.1363,488294.1342,5,467.4621138
95,58,1,49,58.8,Good,Inclined,"[613, 616, 602, 596]","[965, 954, 946, 966]",606.75,957.75,11875.64,2826.40232,3360.80612,263851.3551,77706.0073,74669.93351,5,534.3347535
96,59,1,251.37,175.959,Intermediate,Inclined,"[474, 492, 531, 526]","[990, 981, 1000, 1017]",505.75,997,54499.5297,12970.88807,15423.36691,1210863.142,356607.3789,342674.2692,5,467.4621138
97,60,1,371.91,260.337,Intermediate,Inclined,"[494, 527, 540, 511]","[975, 909, 918, 971]",518,943.25,80633.8071,19190.84609,22819.36741,1791510.965,527612.0868,506997.603,5,467.4621138
98,61,1,152.88,107.016,Intermediate,Inclined,"[528, 544, 560, 544]","[906, 875, 882, 914]",544,894.25,33145.9128,7888.727246,9380.293322,736431.3847,216884.0199,208410.0819,5,467.4621138
99,62,1,151.9,182.28,Good,Inclined,"[555, 590, 585, 550]","[850, 866, 881, 864]",570,865.25,36814.484,8761.847192,10418.49897,817939.201,240888.6226,231476.7939,5,534.3347535
100,63,1,352.8,246.96,Intermediate,Inclined,"[561, 587, 606, 573]","[846, 784, 795, 848]",581.75,818.25,76490.568,18204.75518,21646.83074,1699457.042,500501.5844,480946.3428,5,467.4621138
101,64,1,149.94,104.958,Intermediate,Inclined,"[627, 634, 661, 655]","[818, 804, 823, 840]",644.25,821.25,32508.4914,7737.020953,9199.903066,722269.2427,212713.1734,204402.1957,5,467.4621138
102,65,1,70.07,49.049,Intermediate,Inclined,"[160, 170, 186, 177]","[1016, 1000, 1008, 1022]",173.25,1011.5,15191.8767,3615.666655,4299.301106,337531.0513,99405.17578,95521.28753,5,467.4621138
103,65,2,56.595,39.6165,Intermediate,Inclined,"[191, 196, 212, 205]","[968, 947, 955, 969]",201,959.75,12270.36195,2920.346144,3472.512432,272621.2338,80288.79582,77151.80916,5,467.4621138
104,65,3,89.3025,62.51175,Intermediate,Inclined,"[185, 197, 212, 201]","[997, 978, 987, 1005]",198.75,991.75,19361.67503,4608.078656,5479.354032,430175.0637,126689.4635,121739.543,5,467.4621138
105,66,1,110.1275,77.08925,Intermediate,Inclined,"[230, 215, 232, 244]","[923, 947, 954, 931]",230.25,938.75,23876.74328,5682.664899,6757.118347,530490.2363,156232.9598,150128.7369,5,467.4621138
106,66,2,33.6875,23.58125,Intermediate,Inclined,"[253, 228, 247]","[916, 919, 927]",242.6666667,920.6666667,7303.786875,1738.301276,2066.971686,162274.5439,47790.94989,45923.69593,6,467.4621138
107,67,1,109.8825,131.859,Good,Inclined,"[316, 336, 355, 342]","[998, 989, 999, 1012]",337.25,999.5,26631.1227,6338.207203,7536.607724,591686.6639,174255.7214,167447.3259,5,534.3347535
108,67,1,149.5725,104.70075,Intermediate,Inclined,"[391, 364, 354, 373]","[982, 987, 1007, 1015]",370.5,997.75,32428.81373,7718.057667,9177.354284,720498.975,212191.8175,203901.2099,5,467.4621138
109,68,1,176.89,123.823,Intermediate,Inclined,"[439, 455, 437, 417]","[969, 936, 931, 957]",437,948.25,38351.5209,9127.661974,10853.48041,852088.8779,250945.9333,241141.1524,5,467.4621138
110,69,1,248.43,298.116,Good,Inclined,"[317, 364, 365, 313]","[870, 893, 909, 883]",339.75,888.75,60209.4948,14329.85976,17039.28703,1337726.371,393969.457,378576.5629,5,534.3347535
111,70,1,45.815,54.978,Good,Inclined,"[371, 389, 386, 367]","[895, 907, 912, 903]",378.25,904.25,11103.7234,2642.686169,3142.353722,246701.0171,72655.11682,69816.38783,5,534.3347535
112,71,1,272.685,190.8795,Intermediate,Inclined,"[447, 469, 489, 464]","[905, 867, 877, 920]",467.25,892.25,59120.83485,14070.75869,16731.19626,1313538.672,386846.0162,371731.4441,5,467.4621138
113,72,1,55.125,66.15,Good,Inclined,"[241, 250, 266, 265]","[844, 840, 848, 858]",255.5,847.5,13360.095,3179.70261,3780.906885,296832.7745,87419.25821,84003.67519,5,534.3347535
114,73,1,152.7575,106.93025,Intermediate,Inclined,"[258, 275, 287, 267]","[832, 800, 814, 843]",271.75,822.25,33119.35358,7882.406151,9372.777062,735841.2955,216710.2346,208243.0866,5,467.4621138
115,74,1,94.9375,66.45625,Intermediate,Inclined,"[287, 275, 286, 300]","[806, 794, 775, 783]",287,789.5,20583.39938,4898.849051,5825.102023,457319.1692,134683.5861,129421.3249,5,467.4621138
116,75,1,178.4825,124.93775,Intermediate,Inclined,"[481, 501, 512, 496]","[857, 817, 826, 864]",497.5,841,38696.79083,9209.836216,10951.1918,859760.0381,253205.1418,243312.0908,5,467.4621138
117,76,1,189.9975,132.99825,Intermediate,Inclined,"[503, 522, 536, 516]","[798, 751, 751, 798]",519.25,774.5,41193.35798,9804.019198,11657.72031,915228.4277,269540.9574,259009.645,5,467.4621138
118,77,1,215.9675,151.17725,Intermediate,Inclined,"[378, 409, 417, 376]","[681, 698, 724, 701]",395,701,46823.91368,11144.09145,13251.16757,1040327.349,306383.4351,294412.6397,5,467.4621138
119,78,1,50.715,35.5005,Intermediate,Inclined,"[410, 428, 419]","[694, 693, 716]",419,701,10995.51915,2616.933558,3111.731919,244296.9497,71947.10275,69136.03678,5,467.4621138
120,79,1,233.24,163.268,Intermediate,Inclined,"[301, 318, 335, 315]","[755, 712, 720, 768]",317.25,738.75,50568.7644,12035.36593,14310.96033,1123529.933,330887.1585,317958.9711,5,467.4621138
121,80,1,134.995,94.4965,Intermediate,Inclined,"[329, 346, 358, 345]","[694, 656, 666, 693]",344.5,677.25,29268.26595,6965.847296,8282.919264,650278.3542,191511.3701,184028.7742,5,467.4621138
122,81,1,95.9175,67.14225,Intermediate,Flat,"[417, 439, 428, 410]","[611, 620, 638, 624]",423.5,623.25,20795.87318,4949.417816,5885.232109,462039.8832,136073.8682,130757.2869,5,467.4621138
123,82,2,99.47,69.629,Intermediate,Flat,"[452, 468, 457, 440]","[624, 632, 653, 646]",454.25,638.75,21566.0907,5132.729587,6103.203668,479152.4715,141113.6411,135600.1494,5,467.4621138
124,83,1,267.54,187.278,Intermediate,Inclined,"[465, 512, 509, 456]","[655, 678, 694, 668]",485.5,673.75,58005.3474,13805.27268,16415.51331,1288754.923,379547.0348,364717.6433,5,467.4621138
125,84,1,85.26,102.312,Good,Inclined,"[515, 541, 531, 512]","[675, 689, 699, 689]",524.75,688,20663.6136,4917.940037,5847.802649,459101.358,135208.4527,129925.6843,5,534.3347535
126,85,1,371.91,260.337,Intermediate,Inclined,"[546, 576, 590, 558]","[696, 639, 647, 708]",567.5,672.5,80633.8071,19190.84609,22819.36741,1791510.965,527612.0868,506997.603,5,467.4621138
127,86,1,183.75,128.625,Intermediate,Inclined,"[537, 541, 488, 481]","[623, 623, 598, 614]",511.75,614.5,39838.8375,9481.643325,11274.39101,885133.8759,260677.9085,250492.8869,5,467.4621138
128,87,1,76.0725,91.287,Good,Inclined,"[347, 366, 374]","[605, 597, 620]",362.3333333,607.3333333,18436.9311,4387.989602,5217.651501,409629.2289,120638.5763,115925.0718,5,534.3347535
129,87,1,240.1,168.07,Intermediate,Inclined,"[369, 387, 404, 384]","[593, 548, 557, 604]",386,575.5,52056.081,12389.34728,14731.87092,1156574.931,340619.1338,327310.7055,5,467.4621138
130,88,1,144.305,144.305,Good,Flat,"[389, 404, 420, 403]","[538, 509, 517, 547]",404,527.75,34973.7598,8323.754832,9897.574023,777042.2409,228844.1915,219902.9542,5,534.3347535
131,88,2,30.2575,30.2575,Good,Flat,"[419, 433, 438, 421]","[526, 533, 522, 520]",427.75,525.25,7333.2077,1745.303433,2075.297779,162928.2118,47983.45951,46108.68394,5,534.3347535
132,88,3,33.075,33.075,Good,Flat,"[407, 422, 425, 410]","[548, 556, 544, 541]",416,547.25,8016.057,1907.821566,2268.544131,178099.6647,52451.55493,50402.20512,5,534.3347535
133,89,1,489.3875,489.3875,Good,Flat,"[404, 440, 451, 411]","[490, 412, 421, 497]",426.5,455,118607.9545,28228.69317,33566.05112,2635215.41,776088.7479,745765.9609,5,534.3347535
134,89,2,99.225,69.4575,Intermediate,Inclined,"[432, 444, 428, 417]","[509, 487, 479, 497]",430.25,493,21512.97225,5120.087396,6088.171147,477972.293,140766.0706,135266.1589,5,467.4621138
135,89,3,84.8925,59.42475,Intermediate,Inclined,"[437, 448, 470, 438]","[453, 436, 447, 457]",448.25,448.25,18405.54293,4380.519216,5208.768648,408931.8507,120433.1937,115727.7137,5,467.4621138
136,90,1,101.0625,121.275,Good,Inclined,"[504, 521, 537, 531]","[488, 477, 486, 502]",523.25,488.25,24493.5075,5829.454785,6931.662622,544193.42,160268.6401,154006.7379,5,534.3347535
137,90,2,26.95,18.865,Intermediate,Inclined,"[514, 517, 506]","[464, 479, 484]",512.3333333,475.6666667,5843.0295,1390.641021,1653.577349,129819.6351,38232.75992,36738.95674,6,467.4621138
138,91,1,85.995,103.194,Good,Inclined,"[539, 564, 553, 537]","[489, 502, 515, 506]",548.25,503,20841.7482,4960.336072,5898.214741,463059.1283,136374.0428,131045.7333,5,534.3347535
139,92,1,102.5325,123.039,Good,Inclined,"[560, 569, 591, 587]","[515, 503, 514, 530]",576.75,515.5,24849.7767,5914.246855,7032.486806,552108.9606,162599.8203,156246.8359,5,534.3347535
140,93,1,114.66,80.262,Intermediate,Inclined,"[596, 626, 608, 590]","[515, 530, 541, 532]",605,529.5,24859.4346,5916.545435,7035.219992,552323.5386,162663.0149,156307.5614,5,467.4621138
141,94,1,309.925,216.9475,Intermediate,Inclined,"[618, 636, 664, 634]","[578, 535, 534, 589]",638,559,67194.83925,15992.37174,19016.13951,1492925.804,439676.739,422498.0025,5,467.4621138
142,95,1,205.065,143.5455,Intermediate,Inclined,"[592, 598, 623, 617]","[633, 637, 584, 583]",607.5,609.25,44460.14265,10581.51395,12582.22037,987809.4055,290916.5459,279550.0618,5,467.4621138
143,96,1,202.86,243.432,Good,Inclined,"[525, 530, 571, 568]","[429, 416, 435, 452]",548.5,433,49165.1496,11701.3056,13913.73734,1092344.61,321702.8702,309133.5247,5,534.3347535
144,96,2,196,137.2,Intermediate,Inclined,"[570, 582, 569, 564, 550, 552, 540, 532]","[431, 418, 415, 421, 415, 404, 399, 415]",557.375,414.75,42494.76,10113.75288,12026.01708,944142.8009,278056.4358,267192.4127,5,467.4621138
145,97,1,293.02,205.114,Intermediate,Inclined,"[571, 582, 593, 592, 602, 607, 623, 612]","[446, 422, 427, 434, 439, 437, 442, 468]",597.75,439.375,63529.6662,15120.06056,17978.89553,1411493.487,415694.3714,399452.6569,5,467.4621138
146,98,1,98,117.6,Good,Inclined,"[637, 661, 669]","[488, 478, 503]",655.6666667,489.6666667,23751.28,5652.80464,6721.61224,527702.7103,155412.0146,149339.867,5,534.3347535
147,98,2,637,445.9,Intermediate,Inclined,"[663, 670, 715, 699]","[476, 499, 410, 399]",686.75,446,138107.97,32869.69686,39084.55551,3068464.103,903683.4162,868375.3412,5,467.4621138
148,99,1,403.025,282.1175,Intermediate,Inclined,"[500, 469, 482, 516]","[336, 399, 406, 342]",491.75,370.75,87379.85025,20796.40436,24728.49762,1941393.634,571753.546,549414.3985,5,467.4621138
149,100,1,202.125,141.4875,Intermediate,Inclined,"[529, 511, 527, 544]","[276, 313, 326, 284]",527.75,299.75,43822.72125,10429.80766,12401.83011,973647.2635,286745.6994,275542.1756,5,467.4621138
150,101,1,341.775,239.2425,Intermediate,Inclined,"[532, 550, 577, 543]","[252, 219, 212, 274]",550.5,239.25,74100.23775,17635.85658,20970.36728,1646349.009,484860.9098,465916.7696,5,467.4621138
151,101,2,293.265,205.2855,Intermediate,Inclined,"[512, 527, 550, 542]","[258, 256, 218, 195]",532.75,231.75,63582.78465,15132.70275,17993.92806,1412673.666,416041.942,399786.6475,5,467.4621138
152,102,1,315.56,220.892,Intermediate,Inclined,"[586, 595, 642, 634]","[265, 242, 268, 288]",614.25,265.75,68416.5636,16283.14214,19361.8875,1520069.91,447670.8616,430179.7844,5,467.4621138
153,103,1,251.125,175.7875,Intermediate,Inclined,"[643, 649, 693, 689]","[291, 273, 295, 314]",668.5,293.25,54446.41125,12958.24588,15408.33438,1209682.964,356259.8083,342340.2787,5,467.4621138
154,104,1,176.4,123.48,Intermediate,Inclined,"[753, 727, 713, 736]","[311, 319, 337, 347]",732.25,328.5,38245.284,9102.377592,10823.41537,849728.5209,250250.7922,240473.1714,5,467.4621138
155,105,1,216.09,151.263,Intermediate,Inclined,"[712, 691, 706, 727]","[350, 387, 399, 354]",709,372.5,46850.4729,11150.41255,13258.68383,1040917.438,306557.2204,294579.635,5,467.4621138